text,condition,severity_level,severity_score,language
کچھ دنوں سے لگتا ہے وقت کم پڑ رہا ہے,Stress,medium,62.5,ur
for some reason i cant take it anymore because i see no reason to live,Depression,high,77.0,en
کچھ دنوں سے لگتا ہے کچھ برا ہونے والا ہے,Anxiety,medium,48.2,ur
in dino bohot thakawat mehsoos hoti hai,Stress,medium,47.7,roman
thori udaasi hai aur aaj mood theek nahi,Depression,low,20.8,roman
recently i get short of breath when nervous,Anxiety,medium,61.4,en
my heart pounds so hard i feel like im dying so i am afraid of everything now,Anxiety,high,73.2,en
مجھے کل کی تھوڑی فکر ہے اور امتحان کی تھوڑی پریشانی ہے,Anxiety,low,26.2,ur
آج کل اب اور برداشت نہیں ہوتا,Stress,high,76.0,ur
work is a bit heavy today and today was quite busy,Stress,low,23.7,en
in dino main bilkul beqaboo ho jata hoon kyunke khauf ki wajah se ghar se nahi nikal sakta,Anxiety,high,87.9,roman
kisi se milne ka dil nahi karta,Depression,medium,53.2,roman
main thora udaas hoon,Depression,low,26.4,roman
these days everything feels dark and hopeless,Depression,high,73.6,en
these days i feel exhausted all the time,Stress,medium,62.0,en
lately everything in my life is falling apart and problems are closing in from every side,Stress,high,82.9,en
اکثر گھبراہٹ میں ہاتھ پاؤں سن ہو جاتے ہیں کیونکہ خوف کی وجہ سے گھر سے نہیں نکل سکتا,Anxiety,high,75.0,ur
often feeling somewhat lonely so today feels grey,Depression,low,20.2,en
har taraf andhera lagta hai,Depression,high,73.2,roman
pata nahi kyun sab kuch ek saath sambhalna mushkil ho raha hai,Stress,medium,51.8,roman
دماغ میں فکریں رکتی ہی نہیں اس لیے ہاتھ کانپنے لگتے ہیں,Anxiety,medium,51.9,ur
aksar ab aur bardasht nahi hota,Depression,high,73.0,roman
مجھے لگتا ہے میں سب کے لیے بوجھ ہوں,Depression,high,75.8,ur
aaj kal mujhe jeene ka koi maqsad nazar nahi aata,Depression,high,82.0,roman
halki si ghabrahat ho rahi hai,Anxiety,low,17.6,roman
sach kahun to thori udaasi hai aur khud ko akela mehsoos kar raha hoon,Depression,low,24.3,roman
کام کی فکر میں نیند خراب رہتی ہے کیونکہ بہت زیادہ تھکاوٹ محسوس ہوتی ہے,Stress,medium,58.8,ur
"in dino bohot thakawat mehsoos hoti hai, ghar aur kaam dono ka dabao hai",Stress,medium,60.7,roman
تھوڑا نروس محسوس کر رہا ہوں,Anxiety,low,25.4,ur
often i cant do this anymore,Stress,high,84.0,en
"i get short of breath when nervous, i feel anxious all the time",Anxiety,medium,47.9,en
main har waqt pareshan rehta hoon kyunke fikron ki wajah se neend nahi aati,Anxiety,medium,62.1,roman
pata nahi kyun ghar aur kaam dono ka dabao hai is liye bohot thakawat mehsoos hoti hai,Stress,medium,58.3,roman
پتا نہیں کیوں دل بہت زور سے دھڑکتا ہے,Anxiety,medium,46.8,ur
کام کی فکر میں نیند خراب رہتی ہے کیونکہ گھر اور کام دونوں کا دباؤ ہے,Stress,medium,48.3,ur
aksar thora dabao mehsoos ho raha hai,Stress,low,19.6,roman
آج موڈ ٹھیک نہیں,Depression,low,31.0,ur
بس تھوڑا نروس محسوس کر رہا ہوں کیونکہ امتحان کی تھوڑی پریشانی ہے,Anxiety,low,22.2,ur
aksar dil itna tez dharakta hai ke lagta hai mar jaunga,Anxiety,high,78.1,roman
i feel like something bad will happen,Anxiety,medium,61.1,en
in dino saans phoolne lagti hai,Anxiety,medium,61.0,roman
i cant sleep at night,Depression,medium,51.4,en
often im at my breaking point,Stress,high,76.6,en
recently i get panic attacks regularly and i am afraid of everything now,Anxiety,high,84.6,en
سچ کہوں تو روزانہ رونے کو دل کرتا ہے,Depression,medium,52.4,ur
for some reason a little worn out from work,Stress,low,21.5,en
these days i dont feel like meeting anyone,Depression,medium,54.1,en
آج کل دل تھوڑا بے چین ہے، ہلکی سی گھبراہٹ ہو رہی ہے,Anxiety,low,19.0,ur
fikron ki wajah se neend nahi aati,Anxiety,medium,59.5,roman
aaj kal deadline qareeb aa rahi hai,Stress,low,22.4,roman
these days i get panic attacks regularly,Anxiety,high,73.7,en
"lagta hai kuch bura hone wala hai, fikron ki wajah se neend nahi aati",Anxiety,medium,54.0,roman
مجھے جینے کا کوئی مقصد نظر نہیں آتا کیونکہ میں اس زندگی سے تھک چکا ہوں,Depression,high,84.1,ur
honestly slightly uneasy today,Anxiety,low,18.8,en
these days i am afraid of everything now,Anxiety,high,85.0,en
lately i have constant headaches,Stress,medium,63.5,en
"a bit nervous about the exam, feeling a little on edge",Anxiety,low,23.5,en
pata nahi kyun main sab ke liye bojh hoon,Depression,high,84.6,roman
worry keeps me up at night because i feel like something bad will happen,Anxiety,medium,49.4,en
raat ko neend nahi aati,Depression,medium,53.6,roman
these days i live with constant fear so i feel like something bad will happen,Anxiety,medium,58.9,en
"my heart pounds so hard i feel like im dying, i am afraid of everything now",Anxiety,high,85.5,en
khud ko akela mehsoos kar raha hoon,Depression,low,24.3,roman
kisi kaam mein dil nahi lag raha,Depression,low,32.7,roman
آج خوشی محسوس نہیں ہو رہی اور آج موڈ ٹھیک نہیں,Depression,low,16.9,ur
"lately i get short of breath when nervous, my heart races constantly",Anxiety,medium,46.7,en
پتا نہیں کیوں خوف کی وجہ سے گھر سے نہیں نکل سکتا اس لیے دل اتنا تیز دھڑکتا ہے کہ لگتا ہے مر جاؤں گا,Anxiety,high,85.1,ur
aksar mujhe kal ki thori fikr hai is liye dil thora bechain hai,Anxiety,low,33.0,roman
lately i get panic attacks regularly,Anxiety,high,77.4,en
کچھ کھٹکا سا لگا ہوا ہے,Anxiety,low,16.2,ur
raat ko neend nahi aati aur har cheez bemaani lagti hai,Depression,medium,60.8,roman
کچھ دنوں سے کام سے تھوڑا تھکا ہوا ہوں,Stress,low,28.5,ur
aaj kal mujhe panic attack aate hain,Anxiety,high,73.9,roman
aaj kal khud ko akela mehsoos kar raha hoon,Depression,low,24.8,roman
ہر چیز سے ڈر لگنے لگا ہے، گھبراہٹ میں ہاتھ پاؤں سن ہو جاتے ہیں,Anxiety,high,75.9,ur
these days i have lost my appetite,Depression,medium,46.5,en
aaj kal halki si ghabrahat ho rahi hai,Anxiety,low,17.4,roman
aaj kal sab kuch ek saath sambhalna mushkil ho raha hai kyunke kaam ka bojh bohot barh gaya hai,Stress,medium,63.1,roman
aaj kaam kuch zyada hai,Stress,low,30.2,roman
i live with constant fear,Anxiety,medium,50.6,en
aaj kal har taraf se masail ghere hue hain,Stress,high,85.2,roman
کام سے تھوڑا تھکا ہوا ہوں کیونکہ آج کا دن کافی مصروف تھا,Stress,low,17.4,ur
sach kahun to dil bohot zor se dharakta hai,Anxiety,medium,60.4,roman
i feel like a burden to everyone,Depression,high,77.0,en
میں بالکل بے قابو ہو جاتا ہوں اس لیے گھبراہٹ میں ہاتھ پاؤں سن ہو جاتے ہیں,Anxiety,high,71.9,ur
honestly a little worn out from work because a deadline is coming up,Stress,low,20.8,en
lately i cant do this anymore,Stress,high,85.9,en
deadline qareeb aa rahi hai,Stress,low,33.2,roman
honestly problems are closing in from every side,Stress,high,85.6,en
میں بالکل بے قابو ہو جاتا ہوں اس لیے مجھے پینک اٹیک آتے ہیں,Anxiety,high,81.7,ur
آج کا دن کافی مصروف تھا اس لیے آج کام کچھ زیادہ ہے,Stress,low,24.5,ur
worry keeps me up at night,Anxiety,medium,50.2,en
these days feeling a little on edge because a bit nervous about the exam,Anxiety,low,21.5,en
often its hard to manage everything at once,Stress,medium,51.4,en
"khane ka bhi dil nahi karta, kisi se milne ka dil nahi karta",Depression,medium,59.0,roman
dil thora bechain hai is liye exam ki thori pareshani hai,Anxiety,low,33.2,roman
پتا نہیں کیوں سب کچھ ایک ساتھ سنبھالنا مشکل ہو رہا ہے، بہت زیادہ تھکاوٹ محسوس ہوتی ہے,Stress,medium,56.2,ur
in dino main har waqt pareshan rehta hoon,Anxiety,medium,46.4,roman
my heart races constantly,Anxiety,medium,58.8,en
ab aur bardasht nahi hota kyunke har taraf andhera lagta hai,Depression,high,85.4,roman
کام کی فکر میں نیند خراب رہتی ہے کیونکہ سب کچھ ایک ساتھ سنبھالنا مشکل ہو رہا ہے,Stress,medium,60.0,ur
پتا نہیں کیوں ایسا لگتا ہے میں بکھرنے والا ہوں,Stress,high,72.3,ur
کچھ دنوں سے دل تھوڑا بھاری ہے اس لیے آج موڈ ٹھیک نہیں,Depression,low,33.4,ur
honestly i feel exhausted all the time,Stress,medium,63.8,en
mujhe panic attack aate hain,Anxiety,high,72.9,roman
i am completely broken,Stress,high,72.2,en
"feeling a little on edge, a bit nervous about the exam",Anxiety,low,22.5,en
not really in the mood for anything because feeling a little empty,Depression,low,32.0,en
"main bilkul toot chuka hoon, meri zindagi mein sab kuch bikhar raha hai",Stress,high,76.9,roman
for some reason i am so tired of this life,Depression,high,74.6,en
i cry almost every day so i have lost my appetite,Depression,medium,55.7,en
main bilkul beqaboo ho jata hoon,Anxiety,high,80.1,roman
honestly im a little worried about tomorrow,Anxiety,low,19.7,en
ہاتھ کانپنے لگتے ہیں,Anxiety,medium,64.0,ur
آج کل کاش میں یہاں نہ ہوتا,Depression,high,73.8,ur
دل اداس ہے مگر سنبھل جاؤں گا کیونکہ آج خوشی محسوس نہیں ہو رہی,Depression,low,26.4,ur
ab mujhse kuch nahi hota,Stress,high,75.7,roman
سچ کہوں تو زندگی میں خوشی نہیں رہی,Depression,medium,60.3,ur
"often slightly uneasy today, feeling slightly anxious",Anxiety,low,26.5,en
"i get panic attacks regularly, my heart pounds so hard i feel like im dying",Anxiety,high,84.9,en
lately problems are closing in from every side because i am completely broken,Stress,high,75.3,en
گھر اور کام دونوں کا دباؤ ہے,Stress,medium,63.4,ur
کچھ کھٹکا سا لگا ہوا ہے اور امتحان کی تھوڑی پریشانی ہے,Anxiety,low,30.3,ur
honestly i get short of breath when nervous,Anxiety,medium,48.0,en
میں ہر وقت پریشان رہتا ہوں,Anxiety,medium,63.1,ur
recently a deadline is coming up,Stress,low,17.4,en
lately feeling slightly anxious and feeling a little on edge,Anxiety,low,31.6,en
kuch dino se mujhe kal ki thori fikr hai,Anxiety,low,22.7,roman
aksar har taraf andhera lagta hai,Depression,high,88.4,roman
sach kahun to kaash main yahan na hota kyunke har taraf andhera lagta hai,Depression,high,77.6,roman
روزانہ رونے کو دل کرتا ہے کیونکہ رات کو نیند نہیں آتی,Depression,medium,58.9,ur
i have lost my appetite,Depression,medium,59.9,en
کام سے تھوڑا تھکا ہوا ہوں,Stress,low,23.6,ur
فکروں کی وجہ سے نیند نہیں آتی اس لیے ہر وقت ڈر لگا رہتا ہے,Anxiety,medium,60.6,ur
رات کو نیند نہیں آتی اور زندگی میں خوشی نہیں رہی,Depression,medium,57.8,ur
lately im a little worried about tomorrow,Anxiety,low,33.1,en
i have been very sad for days so nothing brings me joy anymore,Depression,medium,59.4,en
slightly uneasy today,Anxiety,low,24.5,en
lately i see no reason to live,Depression,high,73.4,en
i get short of breath when nervous,Anxiety,medium,53.7,en
دل تھوڑا بے چین ہے، مجھے کل کی تھوڑی فکر ہے,Anxiety,low,21.6,ur
پتا نہیں کیوں تھوڑا نروس محسوس کر رہا ہوں، دل تھوڑا بے چین ہے,Anxiety,low,22.2,ur
recently feeling a bit down,Depression,low,30.1,en
کچھ دنوں سے آج کا دن کافی مصروف تھا اس لیے کام سے تھوڑا تھکا ہوا ہوں,Stress,low,20.2,ur
اکثر اب اور برداشت نہیں ہوتا,Depression,high,80.3,ur
these days a bit nervous about the exam and feeling a little on edge,Anxiety,low,29.4,en
for some reason a bit nervous about the exam,Anxiety,low,31.3,en
سچ کہوں تو اب اور برداشت نہیں ہوتا اور ہر طرف اندھیرا لگتا ہے,Depression,high,84.9,ur
aaj kal khauf ki wajah se ghar se nahi nikal sakta,Anxiety,high,80.4,roman
recently i wish i was not here because i am so tired of this life,Depression,high,74.6,en
thori udaasi hai,Depression,low,21.2,roman
aksar kaam ka bojh bohot barh gaya hai,Stress,medium,64.0,roman
اکثر آج کا دن کافی مصروف تھا,Stress,low,23.4,ur
دن بھر بستر سے نکلنے کا دل نہیں اور خود سے نفرت سی ہونے لگی ہے,Depression,medium,63.2,ur
کچھ کھٹکا سا لگا ہوا ہے اور تھوڑا نروس محسوس کر رہا ہوں,Anxiety,low,23.1,ur
everything in my life is falling apart,Stress,high,82.8,en
har waqt sar dard rehta hai aur bohot thakawat mehsoos hoti hai,Stress,medium,61.2,roman
کاش میں یہاں نہ ہوتا,Depression,high,81.9,ur
recently i have constant headaches,Stress,medium,47.4,en
aksar dil thora bechain hai,Anxiety,low,27.3,roman
ab aur bardasht nahi hota,Depression,high,72.9,roman
سچ کہوں تو سب کچھ بے سود لگتا ہے,Depression,high,86.9,ur
exam ki thori pareshani hai aur dil thora bechain hai,Anxiety,low,24.9,roman
ان دنوں آج خوشی محسوس نہیں ہو رہی,Depression,low,33.4,ur
آج کل اب اور برداشت نہیں ہوتا اس لیے میری زندگی میں سب کچھ بکھر رہا ہے,Stress,high,82.5,ur
sach kahun to ab aur bardasht nahi hota,Depression,high,77.8,roman
nothing brings me joy anymore,Depression,medium,49.9,en
بس کاش میں یہاں نہ ہوتا,Depression,high,78.3,ur
my workload has become too much,Stress,medium,47.8,en
آج کل ہر وقت سر درد رہتا ہے,Stress,medium,56.1,ur
for some reason not really in the mood for anything,Depression,low,20.5,en
i cry almost every day and i feel worthless,Depression,medium,46.8,en
بس دل اتنا تیز دھڑکتا ہے کہ لگتا ہے مر جاؤں گا، گھبراہٹ میں ہاتھ پاؤں سن ہو جاتے ہیں,Anxiety,high,80.5,ur
اکثر دل بہت زور سے دھڑکتا ہے کیونکہ ہاتھ کانپنے لگتے ہیں,Anxiety,medium,57.7,ur
honestly i wish i was not here,Depression,high,79.3,en
lately today was quite busy,Stress,low,29.0,en
lately i feel like a burden to everyone,Depression,high,85.6,en
sach kahun to dil thora bechain hai,Anxiety,low,23.5,roman
exam ki thori pareshani hai,Anxiety,low,24.8,roman
aaj kal ab aur bardasht nahi hota,Depression,high,86.8,roman
"main bilkul beqaboo ho jata hoon, khauf ki wajah se ghar se nahi nikal sakta",Anxiety,high,80.1,roman
کسی کام میں دل نہیں لگ رہا کیونکہ دل تھوڑا بھاری ہے,Depression,low,24.0,ur
pata nahi kyun ghar aur kaam dono ka dabao hai,Stress,medium,62.4,roman
aksar thori udaasi hai,Depression,low,16.3,roman
امتحان کی تھوڑی پریشانی ہے کیونکہ ہلکی سی گھبراہٹ ہو رہی ہے,Anxiety,low,28.3,ur
مجھے لگتا ہے میں کسی کام کا نہیں,Depression,medium,63.2,ur
"sach kahun to khud ko akela mehsoos kar raha hoon, dil thora bhari hai",Depression,low,19.2,roman
i cant take it anymore,Depression,high,80.6,en
aaj kal aaj mood theek nahi,Depression,low,30.9,roman
aaj kal khane ka bhi dil nahi karta,Depression,medium,50.6,roman
"aksar dil bohot zor se dharakta hai, main har waqt pareshan rehta hoon",Anxiety,medium,48.7,roman
my heart pounds so hard i feel like im dying,Anxiety,high,79.2,en
pata nahi kyun mujhe jeene ka koi maqsad nazar nahi aata,Depression,high,73.3,roman
بس کچھ کھٹکا سا لگا ہوا ہے,Anxiety,low,25.9,ur
pata nahi kyun har cheez bemaani lagti hai,Depression,medium,51.5,roman
"im at my breaking point, problems are closing in from every side",Stress,high,82.4,en
اکثر خوف کی وجہ سے گھر سے نہیں نکل سکتا,Anxiety,high,71.9,ur
sach kahun to saans phoolne lagti hai,Anxiety,medium,50.9,roman
often everything in my life is falling apart because i am completely broken,Stress,high,72.0,en
recently i get short of breath when nervous because i feel anxious all the time,Anxiety,medium,61.9,en
بس مجھے کل کی تھوڑی فکر ہے,Anxiety,low,22.6,ur
ہر طرف اندھیرا لگتا ہے,Depression,high,72.2,ur
in dino main bilkul beqaboo ho jata hoon,Anxiety,high,76.0,roman
امتحان کی تھوڑی پریشانی ہے,Anxiety,low,25.9,ur
honestly my workload has become too much,Stress,medium,56.1,en
"a deadline is coming up, work is a bit heavy today",Stress,low,19.4,en
دل تھوڑا بھاری ہے اور آج خوشی محسوس نہیں ہو رہی,Depression,low,21.6,ur
in dino thora dabao mehsoos ho raha hai,Stress,low,24.5,roman
everything feels dark and hopeless,Depression,high,84.4,en
aksar dil bohot zor se dharakta hai,Anxiety,medium,53.6,roman
worry about work ruins my sleep,Stress,medium,56.0,en
کچھ دنوں سے ہر وقت ڈر لگا رہتا ہے,Anxiety,medium,55.8,ur
کچھ دنوں سے تھوڑا دباؤ محسوس ہو رہا ہے,Stress,low,17.2,ur
recently feeling a little on edge,Anxiety,low,17.7,en
im at my breaking point because i am completely broken,Stress,high,85.0,en
آج کل لگتا ہے وقت کم پڑ رہا ہے اور سب کچھ ایک ساتھ سنبھالنا مشکل ہو رہا ہے,Stress,medium,58.5,ur
بس آج کام کچھ زیادہ ہے,Stress,low,29.8,ur
آج کل ڈیڈ لائن قریب آ رہی ہے کیونکہ کام سے تھوڑا تھکا ہوا ہوں,Stress,low,19.8,ur
"for some reason its hard to manage everything at once, my workload has become too much",Stress,medium,60.0,en
kuch dino se ab aur bardasht nahi hota kyunke har taraf andhera lagta hai,Depression,high,73.0,roman
کھانے کا بھی دل نہیں کرتا اس لیے زندگی میں خوشی نہیں رہی,Depression,medium,59.8,ur
بس تھوڑا نروس محسوس کر رہا ہوں,Anxiety,low,28.9,ur
in dino deadline qareeb aa rahi hai,Stress,low,23.6,roman
ان دنوں اب اور برداشت نہیں ہوتا,Stress,high,83.9,ur
kuch dino se rozana rone ko dil karta hai,Depression,medium,55.0,roman
for some reason my heart pounds so hard i feel like im dying,Anxiety,high,72.3,en
kuch dino se saans phoolne lagti hai,Anxiety,medium,48.0,roman
"i cry almost every day, i cant sleep at night",Depression,medium,48.5,en
lagta hai kuch bura hone wala hai,Anxiety,medium,57.7,roman
کسی سے ملنے کا دل نہیں کرتا,Depression,medium,59.6,ur
feeling a little empty,Depression,low,29.2,en
feeling slightly anxious so a bit nervous about the exam,Anxiety,low,16.4,en
main sab ke liye bojh hoon aur main is zindagi se thak chuka hoon,Depression,high,87.1,roman
these days i am completely broken,Stress,high,87.3,en
my mind never stops worrying so i get short of breath when nervous,Anxiety,medium,59.1,en
honestly a little worn out from work,Stress,low,27.9,en
im at my breaking point,Stress,high,84.6,en
everything feels meaningless,Depression,medium,61.5,en
آج کا دن کافی مصروف تھا اور ڈیڈ لائن قریب آ رہی ہے,Stress,low,16.8,ur
بس ڈیڈ لائن قریب آ رہی ہے,Stress,low,33.2,ur
"kaam se thora thaka hua hoon, thora dabao mehsoos ho raha hai",Stress,low,33.9,roman
i have been very sad for days,Depression,medium,51.5,en
کچھ دنوں سے میں ہر وقت پریشان رہتا ہوں,Anxiety,medium,61.2,ur
ان دنوں کسی کام میں دل نہیں لگ رہا کیونکہ دل تھوڑا بھاری ہے,Depression,low,20.5,ur
روزانہ رونے کو دل کرتا ہے,Depression,medium,56.9,ur
i feel worthless,Depression,medium,51.4,en
for some reason i cant leave home because of fear,Anxiety,high,78.9,en
کئی دنوں سے بہت اداس ہوں,Depression,medium,48.0,ur
بس کسی کام میں دل نہیں لگ رہا اور کچھ کھویا کھویا محسوس کر رہا ہوں,Depression,low,19.0,ur
aaj kal sab kuch ek saath sambhalna mushkil ho raha hai,Stress,medium,60.2,roman
saans phoolne lagti hai,Anxiety,medium,50.9,roman
sach kahun to har cheez se darr lagne laga hai,Anxiety,high,72.4,roman
"often feeling a little empty, feeling slightly low",Depression,low,20.9,en
ان دنوں مجھے کل کی تھوڑی فکر ہے,Anxiety,low,23.5,ur
خوف کی وجہ سے گھر سے نہیں نکل سکتا,Anxiety,high,74.0,ur
often my heart races constantly,Anxiety,medium,46.5,en
میری زندگی میں سب کچھ بکھر رہا ہے,Stress,high,77.0,ur
sach kahun to kaash main yahan na hota,Depression,high,76.5,roman
کچھ دنوں سے کام کا بوجھ بہت بڑھ گیا ہے,Stress,medium,48.0,ur
آج کل دل اتنا تیز دھڑکتا ہے کہ لگتا ہے مر جاؤں گا اور خوف کی وجہ سے گھر سے نہیں نکل سکتا,Anxiety,high,77.8,ur
کچھ دنوں سے زندگی میں خوشی نہیں رہی,Depression,medium,48.2,ur
these days feeling slightly low,Depression,low,20.3,en
پتا نہیں کیوں سب کچھ ایک ساتھ سنبھالنا مشکل ہو رہا ہے,Stress,medium,51.4,ur
پتا نہیں کیوں ہر چیز بے معنی لگتی ہے کیونکہ دن بھر بستر سے نکلنے کا دل نہیں,Depression,medium,56.0,ur
kuch dino se har cheez bemaani lagti hai,Depression,medium,53.5,roman
pata nahi kyun deadline qareeb aa rahi hai,Stress,low,18.2,roman
دن بھر بستر سے نکلنے کا دل نہیں,Depression,medium,63.4,ur
مجھے لگتا ہے میں کسی کام کا نہیں، دن بھر بستر سے نکلنے کا دل نہیں,Depression,medium,55.4,ur
honestly i have lost my appetite,Depression,medium,48.4,en
"feeling some pressure, a little worn out from work",Stress,low,21.3,en
بس روزانہ رونے کو دل کرتا ہے,Depression,medium,61.4,ur
i get panic attacks regularly,Anxiety,high,77.8,en
اکثر تھوڑا دباؤ محسوس ہو رہا ہے کیونکہ آج کام کچھ زیادہ ہے,Stress,low,22.0,ur
بس میں اس زندگی سے تھک چکا ہوں,Depression,high,88.8,ur
main bilkul toot chuka hoon is liye har taraf se masail ghere hue hain,Stress,high,76.9,roman
sach kahun to har taraf andhera lagta hai kyunke main sab ke liye bojh hoon,Depression,high,85.3,roman
کچھ دنوں سے کاش میں یہاں نہ ہوتا,Depression,high,71.7,ur
رات کو نیند نہیں آتی,Depression,medium,48.2,ur
a deadline is coming up,Stress,low,18.2,en
بس خود سے نفرت سی ہونے لگی ہے,Depression,medium,59.5,ur
kuch dino se aaj kaam kuch zyada hai aur aaj ka din kaafi masroof tha,Stress,low,27.8,roman
"sach kahun to ab mujhse kuch nahi hota, har taraf se masail ghere hue hain",Stress,high,79.2,roman
pata nahi kyun har cheez se darr lagne laga hai,Anxiety,high,87.7,roman
ہر طرف سے مسائل گھیرے ہوئے ہیں، اب اور برداشت نہیں ہوتا,Stress,high,80.5,ur
مجھے جینے کا کوئی مقصد نظر نہیں آتا اور کاش میں یہاں نہ ہوتا,Depression,high,83.2,ur
pata nahi kyun rozana rone ko dil karta hai,Depression,medium,58.0,roman
"i feel like a burden to everyone, i wish i was not here",Depression,high,85.1,en
"aaj kal kisi se milne ka dil nahi karta, kai dino se bohot udaas hoon",Depression,medium,63.1,roman
aaj kaam kuch zyada hai kyunke kaam se thora thaka hua hoon,Stress,low,31.5,roman
these days i have been very sad for days,Depression,medium,47.1,en
dil itna tez dharakta hai ke lagta hai mar jaunga,Anxiety,high,84.7,roman
kaash main yahan na hota,Depression,high,73.9,roman
lately i feel a little sad today,Depression,low,30.1,en
دل بجھا بجھا سا ہے,Depression,low,19.8,ur
lately i cant take it anymore,Depression,high,79.4,en
کچھ دنوں سے ڈیڈ لائن قریب آ رہی ہے اور تھوڑا دباؤ محسوس ہو رہا ہے,Stress,low,16.6,ur
aaj kal lagta hai kuch bura hone wala hai kyunke saans phoolne lagti hai,Anxiety,medium,55.6,roman
دماغ میں فکریں رکتی ہی نہیں اس لیے ہر وقت ڈر لگا رہتا ہے,Anxiety,medium,50.9,ur
often i feel like something bad will happen,Anxiety,medium,59.3,en
khane ka bhi dil nahi karta kyunke zindagi mein khushi nahi rahi,Depression,medium,53.1,roman
i am completely broken because i cant do this anymore,Stress,high,87.6,en
بس کچھ کھویا کھویا محسوس کر رہا ہوں اور کسی کام میں دل نہیں لگ رہا,Depression,low,33.4,ur
recently i cant take it anymore,Depression,high,71.2,en
بس زندگی میں خوشی نہیں رہی,Depression,medium,53.7,ur
i see no reason to live,Depression,high,81.1,en
پتا نہیں کیوں دل اتنا تیز دھڑکتا ہے کہ لگتا ہے مر جاؤں گا,Anxiety,high,84.9,ur
bohot thakawat mehsoos hoti hai is liye kaam ka bojh bohot barh gaya hai,Stress,medium,50.7,roman
ان دنوں اب مجھ سے کچھ نہیں ہوتا اور ہر طرف سے مسائل گھیرے ہوئے ہیں,Stress,high,73.0,ur
aksar kai dino se bohot udaas hoon aur har cheez bemaani lagti hai,Depression,medium,58.4,roman
پتا نہیں کیوں تھوڑا دباؤ محسوس ہو رہا ہے,Stress,low,27.0,ur
recently my heart pounds so hard i feel like im dying so i am afraid of everything now,Anxiety,high,79.2,en
"kuch dino se kisi se milne ka dil nahi karta, khane ka bhi dil nahi karta",Depression,medium,52.7,roman
today was quite busy,Stress,low,24.4,en
in dino zindagi mein khushi nahi rahi,Depression,medium,61.7,roman
a little worn out from work and work is a bit heavy today,Stress,low,25.4,en
its hard to manage everything at once,Stress,medium,48.5,en
sach kahun to fikron ki wajah se neend nahi aati,Anxiety,medium,49.2,roman
سچ کہوں تو مجھے پینک اٹیک آتے ہیں اور خوف کی وجہ سے گھر سے نہیں نکل سکتا,Anxiety,high,74.9,ur
لگتا ہے کچھ برا ہونے والا ہے,Anxiety,medium,46.9,ur
aaj kal thori udaasi hai,Depression,low,26.7,roman
mujhe kal ki thori fikr hai,Anxiety,low,21.9,roman
kuch dino se mujhe panic attack aate hain,Anxiety,high,81.4,roman
"dil thora bhari hai, main thora udaas hoon",Depression,low,20.8,roman
کام سے تھوڑا تھکا ہوا ہوں، آج کا دن کافی مصروف تھا,Stress,low,25.8,ur
kuch dino se lagta hai kuch bura hone wala hai,Anxiety,medium,47.4,roman
aaj kal har waqt darr laga rehta hai,Anxiety,medium,58.3,roman
in dino har cheez bemaani lagti hai kyunke kai dino se bohot udaas hoon,Depression,medium,52.5,roman
بس رات کو نیند نہیں آتی,Depression,medium,57.1,ur
for some reason today was quite busy,Stress,low,27.3,en
آج کل کئی دنوں سے بہت اداس ہوں,Depression,medium,60.1,ur
ghar aur kaam dono ka dabao hai,Stress,medium,56.8,roman
i cant do this anymore,Stress,high,82.6,en
سچ کہوں تو لگتا ہے کچھ برا ہونے والا ہے,Anxiety,medium,58.2,ur
lately i wish i was not here,Depression,high,72.3,en
ان دنوں سب کچھ ایک ساتھ سنبھالنا مشکل ہو رہا ہے,Stress,medium,56.0,ur
har cheez se darr lagne laga hai aur khauf ki wajah se ghar se nahi nikal sakta,Anxiety,high,81.8,roman
often i am afraid of everything now,Anxiety,high,75.8,en
aksar main bilkul beqaboo ho jata hoon,Anxiety,high,84.2,roman
کھانے کا بھی دل نہیں کرتا,Depression,medium,58.8,ur
aksar har waqt darr laga rehta hai,Anxiety,medium,62.6,roman
"aaj kal har cheez bemaani lagti hai, zindagi mein khushi nahi rahi",Depression,medium,62.2,roman
for some reason everything feels meaningless,Depression,medium,46.2,en
ہلکی سی گھبراہٹ ہو رہی ہے,Anxiety,low,20.1,ur
recently i wish i was not here,Depression,high,80.3,en
دل اتنا تیز دھڑکتا ہے کہ لگتا ہے مر جاؤں گا,Anxiety,high,81.4,ur
my workload has become too much because i have constant headaches,Stress,medium,46.7,en
in dino har cheez se darr lagne laga hai,Anxiety,high,77.9,roman
پتا نہیں کیوں مجھے پینک اٹیک آتے ہیں,Anxiety,high,84.8,ur
aaj kal main har waqt pareshan rehta hoon,Anxiety,medium,48.1,roman
in dino khane ka bhi dil nahi karta,Depression,medium,50.1,roman
dil bohot zor se dharakta hai,Anxiety,medium,62.7,roman
feeling a bit down,Depression,low,16.4,en
کھانے کا بھی دل نہیں کرتا اور مجھے لگتا ہے میں کسی کام کا نہیں,Depression,medium,51.7,ur
kuch dino se raat ko neend nahi aati,Depression,medium,59.9,roman
sach kahun to har taraf se masail ghere hue hain,Stress,high,77.3,roman
i have constant headaches so pressure from both home and work,Stress,medium,51.0,en
a bit nervous about the exam,Anxiety,low,19.2,en
"thora nervous mehsoos kar raha hoon, mujhe kal ki thori fikr hai",Anxiety,low,16.1,roman
lately feeling a little empty,Depression,low,33.5,en
kaam ki fikr mein neend kharab rehti hai,Stress,medium,61.0,roman
سب کچھ بے سود لگتا ہے,Depression,high,85.3,ur
bohot thakawat mehsoos hoti hai,Stress,medium,49.4,roman
ہر طرف اندھیرا لگتا ہے، سب کچھ بے سود لگتا ہے,Depression,high,88.3,ur
aaj mood theek nahi,Depression,low,32.1,roman
بس کسی کام میں دل نہیں لگ رہا,Depression,low,26.9,ur
aaj kal main bilkul toot chuka hoon,Stress,high,88.2,roman
pata nahi kyun exam ki thori pareshani hai is liye dil thora bechain hai,Anxiety,low,23.1,roman
آج کل جب گھبراتا ہوں تو سانس پھولنے لگتی ہے,Anxiety,medium,56.1,ur
میری زندگی میں سب کچھ بکھر رہا ہے کیونکہ اب اور برداشت نہیں ہوتا,Stress,high,81.7,ur
i feel anxious all the time,Anxiety,medium,58.3,en
"in dino main thora udaas hoon, khud ko akela mehsoos kar raha hoon",Depression,low,25.0,roman
کام کی فکر میں نیند خراب رہتی ہے,Stress,medium,57.1,ur
aksar main bilkul toot chuka hoon kyunke meri zindagi mein sab kuch bikhar raha hai,Stress,high,85.9,roman
har waqt sar dard rehta hai kyunke bohot thakawat mehsoos hoti hai,Stress,medium,56.2,roman
کسی کام میں دل نہیں لگ رہا اس لیے تھوڑا تنہا محسوس ہو رہا ہے,Depression,low,33.9,ur
ان دنوں مجھے پینک اٹیک آتے ہیں,Anxiety,high,84.6,ur
for some reason worry about work ruins my sleep,Stress,medium,60.5,en
feeling a little on edge because feeling slightly anxious,Anxiety,low,21.6,en
lately i am so tired of this life and everything feels dark and hopeless,Depression,high,78.6,en
سچ کہوں تو ہر چیز سے ڈر لگنے لگا ہے,Anxiety,high,76.7,ur
my mind never stops worrying,Anxiety,medium,57.8,en
آج کل ہر چیز بے معنی لگتی ہے,Depression,medium,59.4,ur
aksar khud ko akela mehsoos kar raha hoon,Depression,low,24.5,roman
in dino khud bekaar lagta hoon,Depression,medium,48.4,roman
پتا نہیں کیوں اب اور برداشت نہیں ہوتا,Stress,high,82.1,ur
سچ کہوں تو رات کو نیند نہیں آتی,Depression,medium,57.3,ur
my heart races constantly because i feel like something bad will happen,Anxiety,medium,55.1,en
پتا نہیں کیوں تھوڑا نروس محسوس کر رہا ہوں,Anxiety,low,17.3,ur
lately my heart races constantly,Anxiety,medium,49.7,en
sach kahun to thori udaasi hai,Depression,low,33.5,roman
im a little worried about tomorrow,Anxiety,low,20.8,en
kaam se thora thaka hua hoon,Stress,low,16.8,roman
"feeling slightly low, feeling a little empty",Depression,low,29.3,en
پتا نہیں کیوں دل بجھا بجھا سا ہے,Depression,low,32.9,ur
کچھ دنوں سے کچھ کھویا کھویا محسوس کر رہا ہوں اور دل بجھا بجھا سا ہے,Depression,low,17.7,ur
کسی کام میں دل نہیں لگ رہا,Depression,low,24.9,ur
aksar kaam ki fikr mein neend kharab rehti hai is liye har waqt sar dard rehta hai,Stress,medium,62.4,roman
kuch dino se main bilkul beqaboo ho jata hoon,Anxiety,high,77.8,roman
pata nahi kyun bohot thakawat mehsoos hoti hai aur har waqt sar dard rehta hai,Stress,medium,58.3,roman
بہت زیادہ تھکاوٹ محسوس ہوتی ہے,Stress,medium,55.2,ur
for some reason i cry almost every day,Depression,medium,52.3,en
aaj kal main thora udaas hoon,Depression,low,29.8,roman
ان دنوں مجھے پینک اٹیک آتے ہیں اور ہر چیز سے ڈر لگنے لگا ہے,Anxiety,high,74.1,ur
kuch dino se kaash main yahan na hota,Depression,high,76.5,roman
آج کام کچھ زیادہ ہے,Stress,low,32.3,ur
sach kahun to ghar aur kaam dono ka dabao hai,Stress,medium,56.7,roman
meri zindagi mein sab kuch bikhar raha hai kyunke ab mujhse kuch nahi hota,Stress,high,81.0,roman
har cheez se darr lagne laga hai,Anxiety,high,75.3,roman
ایسا لگتا ہے میں بکھرنے والا ہوں,Stress,high,82.1,ur
دل تھوڑا بے چین ہے,Anxiety,low,18.3,ur
work is a bit heavy today,Stress,low,32.9,en
کچھ دنوں سے دل اداس ہے مگر سنبھل جاؤں گا اس لیے میں آج کچھ اداس ہوں,Depression,low,16.3,ur
ہلکی سی گھبراہٹ ہو رہی ہے کیونکہ دل تھوڑا بے چین ہے,Anxiety,low,24.4,ur
these days im a little worried about tomorrow because feeling a little on edge,Anxiety,low,22.0,en
honestly i am completely broken,Stress,high,86.2,en
i am so tired of this life,Depression,high,84.9,en
pressure from both home and work,Stress,medium,47.5,en
sach kahun to ab mujhse kuch nahi hota,Stress,high,72.6,roman
aksar exam ki thori pareshani hai,Anxiety,low,21.7,roman
aaj kal har taraf andhera lagta hai,Depression,high,85.1,roman
تھوڑی اداسی ہے,Depression,low,25.4,ur
سچ کہوں تو کچھ کھٹکا سا لگا ہوا ہے,Anxiety,low,21.6,ur
pata nahi kyun kaam ka bojh bohot barh gaya hai,Stress,medium,62.1,roman
اب مجھ سے کچھ نہیں ہوتا,Stress,high,74.6,ur
these days i wish i was not here,Depression,high,85.2,en
kuch dino se rozana rone ko dil karta hai kyunke kai dino se bohot udaas hoon,Depression,medium,49.0,roman
کچھ دنوں سے تھوڑا تنہا محسوس ہو رہا ہے,Depression,low,20.0,ur
ان دنوں کاش میں یہاں نہ ہوتا,Depression,high,84.6,ur
"worry about work ruins my sleep, i have constant headaches",Stress,medium,61.9,en
سب کچھ ایک ساتھ سنبھالنا مشکل ہو رہا ہے,Stress,medium,54.4,ur
often i feel anxious all the time,Anxiety,medium,61.5,en
recently i dont feel like meeting anyone,Depression,medium,59.5,en
سچ کہوں تو دن بھر بستر سے نکلنے کا دل نہیں,Depression,medium,59.0,ur
aaj ka din kaafi masroof tha aur thora dabao mehsoos ho raha hai,Stress,low,18.3,roman
ان دنوں میں بالکل ٹوٹ چکا ہوں,Stress,high,72.0,ur
لگتا ہے وقت کم پڑ رہا ہے اور کام کی فکر میں نیند خراب رہتی ہے,Stress,medium,55.1,ur
today feels grey so feeling a little empty,Depression,low,31.6,en
aaj kal har waqt darr laga rehta hai aur lagta hai kuch bura hone wala hai,Anxiety,medium,50.5,roman
ان دنوں خوف کی وجہ سے گھر سے نہیں نکل سکتا کیونکہ ہر چیز سے ڈر لگنے لگا ہے,Anxiety,high,82.4,ur
recently slightly uneasy today,Anxiety,low,26.2,en
har cheez bemaani lagti hai aur rozana rone ko dil karta hai,Depression,medium,58.7,roman
ان دنوں میں بالکل بے قابو ہو جاتا ہوں,Anxiety,high,84.1,ur
اکثر خود سے نفرت سی ہونے لگی ہے,Depression,medium,54.7,ur
these days today was quite busy,Stress,low,28.8,en
honestly i completely lose control,Anxiety,high,71.8,en
"for some reason i completely lose control, i get panic attacks regularly",Anxiety,high,74.9,en
often feeling slightly anxious,Anxiety,low,32.9,en
main bilkul toot chuka hoon is liye ab aur bardasht nahi hota,Stress,high,85.0,roman
khud ko akela mehsoos kar raha hoon kyunke aaj mood theek nahi,Depression,low,22.9,roman
often feeling a bit down and i feel a little sad today,Depression,low,31.3,en
اکثر میں اب اور نہیں چل سکتا,Depression,high,88.7,ur
aaj kal har cheez bemaani lagti hai,Depression,medium,53.0,roman
اکثر ہر چیز بے معنی لگتی ہے اس لیے کسی سے ملنے کا دل نہیں کرتا,Depression,medium,51.9,ur
pata nahi kyun dil itna tez dharakta hai ke lagta hai mar jaunga,Anxiety,high,87.7,roman
تھوڑا تنہا محسوس ہو رہا ہے اس لیے کچھ کھویا کھویا محسوس کر رہا ہوں,Depression,low,19.9,ur
"pata nahi kyun mujhe panic attack aate hain, dil itna tez dharakta hai ke lagta hai mar jaunga",Anxiety,high,86.9,roman
sach kahun to halki si ghabrahat ho rahi hai,Anxiety,low,20.0,roman
رات کو نیند نہیں آتی اور ہر چیز بے معنی لگتی ہے,Depression,medium,47.7,ur
pressure from both home and work so its hard to manage everything at once,Stress,medium,46.4,en
بس مجھے جینے کا کوئی مقصد نظر نہیں آتا کیونکہ ہر طرف اندھیرا لگتا ہے,Depression,high,83.3,ur
a little worn out from work because feeling some pressure,Stress,low,24.1,en
"recently problems are closing in from every side, everything in my life is falling apart",Stress,high,84.9,en
پتا نہیں کیوں ہلکی سی گھبراہٹ ہو رہی ہے,Anxiety,low,28.1,ur
aksar har taraf se masail ghere hue hain,Stress,high,86.6,roman
میں اب اور نہیں چل سکتا کیونکہ ہر طرف اندھیرا لگتا ہے,Depression,high,77.2,ur
sab kuch ek saath sambhalna mushkil ho raha hai,Stress,medium,58.3,roman
پتا نہیں کیوں تھوڑا نروس محسوس کر رہا ہوں اور کچھ کھٹکا سا لگا ہوا ہے,Anxiety,low,17.2,ur
my mind never stops worrying and i get short of breath when nervous,Anxiety,medium,61.3,en
work is a bit heavy today so a deadline is coming up,Stress,low,24.2,en
main bilkul toot chuka hoon,Stress,high,75.9,roman
"worry about work ruins my sleep, my workload has become too much",Stress,medium,52.7,en
in dino dil thora bhari hai kyunke thori udaasi hai,Depression,low,20.6,roman
fikron ki wajah se neend nahi aati kyunke dimagh mein fikrein rukti hi nahi,Anxiety,medium,50.5,roman
آج کل کام سے تھوڑا تھکا ہوا ہوں، آج کام کچھ زیادہ ہے,Stress,low,27.0,ur
sach kahun to exam ki thori pareshani hai,Anxiety,low,17.3,roman
i cant leave home because of fear,Anxiety,high,87.6,en
kaam ka bojh bohot barh gaya hai,Stress,medium,59.2,roman
بس آج کا دن کافی مصروف تھا,Stress,low,19.1,ur
main is zindagi se thak chuka hoon,Depression,high,84.8,roman
bohot thakawat mehsoos hoti hai is liye ghar aur kaam dono ka dabao hai,Stress,medium,50.8,roman
aaj kal har cheez se darr lagne laga hai,Anxiety,high,80.6,roman
دل اتنا تیز دھڑکتا ہے کہ لگتا ہے مر جاؤں گا اس لیے گھبراہٹ میں ہاتھ پاؤں سن ہو جاتے ہیں,Anxiety,high,74.7,ur
i feel exhausted all the time,Stress,medium,49.4,en
pata nahi kyun kaam se thora thaka hua hoon,Stress,low,28.8,roman
بس دماغ میں فکریں رکتی ہی نہیں اس لیے میں ہر وقت پریشان رہتا ہوں,Anxiety,medium,49.1,ur
بس ایسا لگتا ہے میں بکھرنے والا ہوں,Stress,high,76.4,ur
"i cant take it anymore, i see no reason to live",Depression,high,72.1,en
sach kahun to har waqt sar dard rehta hai kyunke kaam ka bojh bohot barh gaya hai,Stress,medium,56.7,roman
کسی کام میں دل نہیں لگ رہا، آج خوشی محسوس نہیں ہو رہی,Depression,low,18.6,ur
سچ کہوں تو آج کام کچھ زیادہ ہے، تھوڑا دباؤ محسوس ہو رہا ہے,Stress,low,22.1,ur
aksar main thora udaas hoon kyunke aaj mood theek nahi,Depression,low,29.5,roman
پتا نہیں کیوں میں ہر وقت پریشان رہتا ہوں,Anxiety,medium,56.0,ur
بس میں بالکل ٹوٹ چکا ہوں، اب مجھ سے کچھ نہیں ہوتا,Stress,high,79.2,ur
پتا نہیں کیوں بہت زیادہ تھکاوٹ محسوس ہوتی ہے,Stress,medium,51.7,ur
مجھے جینے کا کوئی مقصد نظر نہیں آتا,Depression,high,81.5,ur
often my mind never stops worrying,Anxiety,medium,57.7,en
honestly its hard to manage everything at once,Stress,medium,62.1,en
often my workload has become too much,Stress,medium,47.5,en
thori udaasi hai is liye dil thora bhari hai,Depression,low,27.9,roman
آج کام کچھ زیادہ ہے کیونکہ کام سے تھوڑا تھکا ہوا ہوں,Stress,low,30.7,ur
کچھ دنوں سے دل اتنا تیز دھڑکتا ہے کہ لگتا ہے مر جاؤں گا,Anxiety,high,76.6,ur
ہر وقت ڈر لگا رہتا ہے,Anxiety,medium,52.3,ur
in dino thora dabao mehsoos ho raha hai kyunke aaj kaam kuch zyada hai,Stress,low,26.8,roman
i cry almost every day,Depression,medium,47.4,en
sach kahun to raat ko neend nahi aati,Depression,medium,58.4,roman
sab kuch ek saath sambhalna mushkil ho raha hai aur ghar aur kaam dono ka dabao hai,Stress,medium,59.3,roman
aaj ka din kaafi masroof tha,Stress,low,31.5,roman
ان دنوں میں اس زندگی سے تھک چکا ہوں,Depression,high,86.4,ur
لگتا ہے وقت کم پڑ رہا ہے,Stress,medium,48.9,ur
اکثر جب گھبراتا ہوں تو سانس پھولنے لگتی ہے,Anxiety,medium,60.0,ur
feeling a little on edge,Anxiety,low,22.6,en
often i feel anxious all the time and i get short of breath when nervous,Anxiety,medium,48.3,en
in dino har cheez bemaani lagti hai,Depression,medium,49.0,roman
اکثر امتحان کی تھوڑی پریشانی ہے,Anxiety,low,16.9,ur
feeling a little on edge so im a little worried about tomorrow,Anxiety,low,21.5,en
ہر طرف سے مسائل گھیرے ہوئے ہیں,Stress,high,77.3,ur
i am so tired of this life because i feel like a burden to everyone,Depression,high,87.8,en
for some reason i have lost my appetite because nothing brings me joy anymore,Depression,medium,54.1,en
kai dino se bohot udaas hoon,Depression,medium,47.6,roman
often i feel like a burden to everyone,Depression,high,73.5,en
these days feeling a little empty,Depression,low,27.8,en
aksar thora nervous mehsoos kar raha hoon,Anxiety,low,32.1,roman
these days i live with constant fear,Anxiety,medium,59.6,en
تھوڑا دباؤ محسوس ہو رہا ہے اس لیے آج کام کچھ زیادہ ہے,Stress,low,26.4,ur
ہر وقت سر درد رہتا ہے,Stress,medium,62.6,ur
"aaj kaam kuch zyada hai, kaam se thora thaka hua hoon",Stress,low,31.0,roman
in dino ab mujhse kuch nahi hota,Stress,high,82.2,roman
lately my workload has become too much,Stress,medium,51.5,en
often worry about work ruins my sleep,Stress,medium,57.6,en
kuch dino se dil bohot zor se dharakta hai,Anxiety,medium,50.7,roman
فکروں کی وجہ سے نیند نہیں آتی اس لیے دماغ میں فکریں رکتی ہی نہیں,Anxiety,medium,56.3,ur
خود سے نفرت سی ہونے لگی ہے، رات کو نیند نہیں آتی,Depression,medium,61.7,ur
lately i get short of breath when nervous,Anxiety,medium,60.6,en
"i completely lose control, i get panic attacks regularly",Anxiety,high,82.3,en
اکثر تھوڑا دباؤ محسوس ہو رہا ہے کیونکہ ڈیڈ لائن قریب آ رہی ہے,Stress,low,26.9,ur
اکثر میں ہر وقت پریشان رہتا ہوں,Anxiety,medium,49.2,ur
ان دنوں روزانہ رونے کو دل کرتا ہے,Depression,medium,53.8,ur
recently feeling some pressure,Stress,low,32.9,en
زندگی میں خوشی نہیں رہی، کسی سے ملنے کا دل نہیں کرتا,Depression,medium,51.9,ur
تھوڑا دباؤ محسوس ہو رہا ہے اور آج کام کچھ زیادہ ہے,Stress,low,29.3,ur
lately a bit nervous about the exam,Anxiety,low,25.4,en
سچ کہوں تو تھوڑا نروس محسوس کر رہا ہوں,Anxiety,low,26.7,ur
dil thora bechain hai,Anxiety,low,25.0,roman
پتا نہیں کیوں دل تھوڑا بے چین ہے,Anxiety,low,29.3,ur
کچھ دنوں سے مجھے پینک اٹیک آتے ہیں,Anxiety,high,71.1,ur
i see no reason to live and i cant take it anymore,Depression,high,76.2,en
aksar mujhe jeene ka koi maqsad nazar nahi aata,Depression,high,81.4,roman
khauf ki wajah se ghar se nahi nikal sakta,Anxiety,high,80.0,roman
for some reason feeling slightly low,Depression,low,24.2,en
mujhe kal ki thori fikr hai kyunke halki si ghabrahat ho rahi hai,Anxiety,low,23.0,roman
these days my workload has become too much,Stress,medium,49.9,en
سچ کہوں تو ہر طرف سے مسائل گھیرے ہوئے ہیں,Stress,high,82.3,ur
a little worn out from work,Stress,low,21.3,en
rozana rone ko dil karta hai is liye har cheez bemaani lagti hai,Depression,medium,48.9,roman
zindagi mein khushi nahi rahi is liye kisi se milne ka dil nahi karta,Depression,medium,49.7,roman
پتا نہیں کیوں ہاتھ کانپنے لگتے ہیں، فکروں کی وجہ سے نیند نہیں آتی,Anxiety,medium,60.2,ur
مجھے جینے کا کوئی مقصد نظر نہیں آتا اس لیے سب کچھ بے سود لگتا ہے,Depression,high,85.8,ur
بس خوف کی وجہ سے گھر سے نہیں نکل سکتا,Anxiety,high,83.9,ur
often i cant leave home because of fear so i get panic attacks regularly,Anxiety,high,79.9,en
ان دنوں میری زندگی میں سب کچھ بکھر رہا ہے,Stress,high,84.1,ur
ان دنوں کام کی فکر میں نیند خراب رہتی ہے,Stress,medium,60.8,ur
دل اتنا تیز دھڑکتا ہے کہ لگتا ہے مر جاؤں گا اس لیے ہر چیز سے ڈر لگنے لگا ہے,Anxiety,high,86.0,ur
ان دنوں کام کا بوجھ بہت بڑھ گیا ہے,Stress,medium,55.5,ur
"raat ko neend nahi aati, kai dino se bohot udaas hoon",Depression,medium,61.1,roman
sach kahun to thora dabao mehsoos ho raha hai,Stress,low,25.1,roman
"these days feeling a little on edge, a bit nervous about the exam",Anxiety,low,24.3,en
its hard to manage everything at once so pressure from both home and work,Stress,medium,54.7,en
honestly nothing brings me joy anymore,Depression,medium,56.3,en
aaj kaam kuch zyada hai is liye aaj ka din kaafi masroof tha,Stress,low,28.7,roman
recently i cant do this anymore so problems are closing in from every side,Stress,high,76.7,en
کچھ دنوں سے جب گھبراتا ہوں تو سانس پھولنے لگتی ہے اور ہاتھ کانپنے لگتے ہیں,Anxiety,medium,58.4,ur
deadline qareeb aa rahi hai aur kaam se thora thaka hua hoon,Stress,low,30.0,roman
aksar mujhe panic attack aate hain,Anxiety,high,75.9,roman
ghar aur kaam dono ka dabao hai is liye bohot thakawat mehsoos hoti hai,Stress,medium,63.0,roman
میں اب اور نہیں چل سکتا,Depression,high,72.8,ur
آج خوشی محسوس نہیں ہو رہی اور دل بجھا بجھا سا ہے,Depression,low,16.9,ur
often not really in the mood for anything,Depression,low,24.2,en
آج کل آج کا دن کافی مصروف تھا,Stress,low,26.0,ur
exam ki thori pareshani hai is liye thora nervous mehsoos kar raha hoon,Anxiety,low,30.0,roman
meri zindagi mein sab kuch bikhar raha hai is liye ab aur bardasht nahi hota,Stress,high,88.6,roman
aksar har waqt sar dard rehta hai,Stress,medium,60.1,roman
"ab aur bardasht nahi hota, ab mujhse kuch nahi hota",Stress,high,83.5,roman
sach kahun to deadline qareeb aa rahi hai,Stress,low,20.2,roman
recently my heart pounds so hard i feel like im dying,Anxiety,high,82.5,en
میں اس زندگی سے تھک چکا ہوں,Depression,high,85.7,ur
often i cant take it anymore,Depression,high,80.3,en
honestly i have been very sad for days,Depression,medium,63.9,en
ab aur bardasht nahi hota kyunke har taraf se masail ghere hue hain,Stress,high,87.7,roman
khud bekaar lagta hoon,Depression,medium,60.4,roman
in dino har taraf se masail ghere hue hain,Stress,high,73.7,roman
recently pressure from both home and work,Stress,medium,62.4,en
تھوڑا دباؤ محسوس ہو رہا ہے، آج کا دن کافی مصروف تھا,Stress,low,29.4,ur
meri zindagi mein sab kuch bikhar raha hai,Stress,high,72.2,roman
thora nervous mehsoos kar raha hoon,Anxiety,low,29.1,roman
sach kahun to kaam se thora thaka hua hoon,Stress,low,18.8,roman
often i am completely broken because i cant do this anymore,Stress,high,79.6,en
i wish i was not here,Depression,high,76.3,en
بس ہر طرف سے مسائل گھیرے ہوئے ہیں,Stress,high,87.5,ur
aaj kal rozana rone ko dil karta hai,Depression,medium,53.9,roman
honestly everything feels dark and hopeless,Depression,high,86.3,en
مجھے کل کی تھوڑی فکر ہے,Anxiety,low,18.7,ur
میں بالکل ٹوٹ چکا ہوں,Stress,high,71.3,ur
sab kuch ek saath sambhalna mushkil ho raha hai is liye har waqt sar dard rehta hai,Stress,medium,50.1,roman
aaj kal deadline qareeb aa rahi hai is liye aaj ka din kaafi masroof tha,Stress,low,19.1,roman
بس خود سے نفرت سی ہونے لگی ہے، رات کو نیند نہیں آتی,Depression,medium,50.4,ur
thora nervous mehsoos kar raha hoon aur mujhe kal ki thori fikr hai,Anxiety,low,28.3,roman
"for some reason a deadline is coming up, feeling some pressure",Stress,low,33.1,en
in dino fikron ki wajah se neend nahi aati,Anxiety,medium,54.5,roman
pata nahi kyun main bilkul toot chuka hoon kyunke ab mujhse kuch nahi hota,Stress,high,84.9,roman
سچ کہوں تو آج کام کچھ زیادہ ہے,Stress,low,29.6,ur
ان دنوں آج کا دن کافی مصروف تھا کیونکہ تھوڑا دباؤ محسوس ہو رہا ہے,Stress,low,21.8,ur
sach kahun to khauf ki wajah se ghar se nahi nikal sakta aur mujhe panic attack aate hain,Anxiety,high,73.8,roman
"i feel worthless, i cant sleep at night",Depression,medium,56.1,en
سچ کہوں تو اب اور برداشت نہیں ہوتا,Stress,high,85.3,ur
pata nahi kyun main har waqt pareshan rehta hoon,Anxiety,medium,51.3,roman
ہر چیز سے ڈر لگنے لگا ہے,Anxiety,high,86.0,ur
honestly a deadline is coming up and a little worn out from work,Stress,low,29.9,en
pata nahi kyun aaj kaam kuch zyada hai,Stress,low,31.7,roman
اکثر گھبراہٹ میں ہاتھ پاؤں سن ہو جاتے ہیں,Anxiety,high,76.3,ur
aksar kaash main yahan na hota,Depression,high,71.1,roman
khane ka bhi dil nahi karta,Depression,medium,63.3,roman
تھوڑا دباؤ محسوس ہو رہا ہے,Stress,low,17.1,ur
thora dabao mehsoos ho raha hai,Stress,low,21.0,roman
recently everything in my life is falling apart,Stress,high,71.2,en
aksar ab aur bardasht nahi hota aur har taraf se masail ghere hue hain,Stress,high,88.1,roman
often everything feels dark and hopeless,Depression,high,71.8,en
lately i am so tired of this life,Depression,high,81.8,en
i am afraid of everything now,Anxiety,high,79.5,en
recently i am so tired of this life,Depression,high,77.9,en
my workload has become too much so worry about work ruins my sleep,Stress,medium,55.3,en
main sab ke liye bojh hoon kyunke main is zindagi se thak chuka hoon,Depression,high,74.7,roman
zindagi mein khushi nahi rahi,Depression,medium,55.1,roman
recently im at my breaking point,Stress,high,88.8,en
honestly i cant do this anymore,Stress,high,75.8,en
بہت زیادہ تھکاوٹ محسوس ہوتی ہے کیونکہ ہر وقت سر درد رہتا ہے,Stress,medium,53.5,ur
aaj kal exam ki thori pareshani hai,Anxiety,low,21.2,roman
آج کل دل تھوڑا بھاری ہے,Depression,low,25.7,ur
مجھے پینک اٹیک آتے ہیں,Anxiety,high,78.7,ur
فکروں کی وجہ سے نیند نہیں آتی,Anxiety,medium,59.5,ur
pata nahi kyun raat ko neend nahi aati aur rozana rone ko dil karta hai,Depression,medium,58.7,roman
feeling slightly anxious,Anxiety,low,21.8,en
ہر چیز سے ڈر لگنے لگا ہے اس لیے خوف کی وجہ سے گھر سے نہیں نکل سکتا,Anxiety,high,75.8,ur
"sach kahun to aaj ka din kaafi masroof tha, deadline qareeb aa rahi hai",Stress,low,30.9,roman
aaj kal meri zindagi mein sab kuch bikhar raha hai is liye ab mujhse kuch nahi hota,Stress,high,85.0,roman
ہر چیز سے ڈر لگنے لگا ہے اور خوف کی وجہ سے گھر سے نہیں نکل سکتا,Anxiety,high,81.1,ur
"in dino meri zindagi mein sab kuch bikhar raha hai, har taraf se masail ghere hue hain",Stress,high,79.3,roman
آج کل کسی کام میں دل نہیں لگ رہا,Depression,low,27.1,ur
"honestly feeling slightly low, not really in the mood for anything",Depression,low,21.9,en
"aaj ka din kaafi masroof tha, kaam se thora thaka hua hoon",Stress,low,24.3,roman
problems are closing in from every side,Stress,high,74.4,en
in dino aaj mood theek nahi,Depression,low,31.4,roman
har cheez bemaani lagti hai,Depression,medium,48.2,roman
main bilkul beqaboo ho jata hoon aur mujhe panic attack aate hain,Anxiety,high,86.3,roman
often problems are closing in from every side so everything in my life is falling apart,Stress,high,80.3,en
i have constant headaches,Stress,medium,59.2,en
اب اور برداشت نہیں ہوتا,Stress,high,83.7,ur
ان دنوں تھوڑا تنہا محسوس ہو رہا ہے,Depression,low,34.0,ur
pata nahi kyun raat ko neend nahi aati,Depression,medium,57.6,roman
آج کا دن کافی مصروف تھا,Stress,low,31.0,ur
dil bohot zor se dharakta hai aur har waqt darr laga rehta hai,Anxiety,medium,59.6,roman
ان دنوں کسی سے ملنے کا دل نہیں کرتا,Depression,medium,51.9,ur
aksar dil bujha bujha sa hai kyunke thori udaasi hai,Depression,low,30.6,roman
ab aur bardasht nahi hota is liye main bilkul toot chuka hoon,Stress,high,82.5,roman
ڈیڈ لائن قریب آ رہی ہے,Stress,low,21.1,ur
kuch dino se kisi se milne ka dil nahi karta,Depression,medium,52.7,roman
دل اداس ہے مگر سنبھل جاؤں گا، آج موڈ ٹھیک نہیں,Depression,low,32.1,ur
for some reason im at my breaking point,Stress,high,81.0,en
aaj kal bohot thakawat mehsoos hoti hai,Stress,medium,50.6,roman
گھبراہٹ میں ہاتھ پاؤں سن ہو جاتے ہیں، دل اتنا تیز دھڑکتا ہے کہ لگتا ہے مر جاؤں گا,Anxiety,high,76.0,ur
آج کل ہر طرف سے مسائل گھیرے ہوئے ہیں کیونکہ میں بالکل ٹوٹ چکا ہوں,Stress,high,72.8,ur
har taraf se masail ghere hue hain,Stress,high,74.0,roman
honestly feeling a bit down so i feel a little sad today,Depression,low,24.3,en
these days i get short of breath when nervous and i feel anxious all the time,Anxiety,medium,49.3,en
دل اتنا تیز دھڑکتا ہے کہ لگتا ہے مر جاؤں گا اور میں بالکل بے قابو ہو جاتا ہوں,Anxiety,high,72.0,ur
آج خوشی محسوس نہیں ہو رہی,Depression,low,32.6,ur
i completely lose control,Anxiety,high,75.2,en
recently feeling slightly low,Depression,low,28.9,en
kuch dino se khane ka bhi dil nahi karta,Depression,medium,54.2,roman
often everything in my life is falling apart,Stress,high,75.8,en
"these days i cant leave home because of fear, i am afraid of everything now",Anxiety,high,84.8,en
آج کل کئی دنوں سے بہت اداس ہوں اور ہر چیز بے معنی لگتی ہے,Depression,medium,63.6,ur
سچ کہوں تو جب گھبراتا ہوں تو سانس پھولنے لگتی ہے,Anxiety,medium,61.3,ur
"honestly i cant leave home because of fear, i completely lose control",Anxiety,high,71.8,en
feeling somewhat lonely,Depression,low,21.4,en
دماغ میں فکریں رکتی ہی نہیں، فکروں کی وجہ سے نیند نہیں آتی,Anxiety,medium,51.8,ur
main sab ke liye bojh hoon,Depression,high,84.3,roman
دل اداس ہے مگر سنبھل جاؤں گا,Depression,low,33.3,ur
کچھ کھویا کھویا محسوس کر رہا ہوں,Depression,low,18.8,ur
thora nervous mehsoos kar raha hoon kyunke dil thora bechain hai,Anxiety,low,25.3,roman
i get panic attacks regularly because i cant leave home because of fear,Anxiety,high,73.1,en
sach kahun to kisi se milne ka dil nahi karta,Depression,medium,50.4,roman
aaj kal aaj ka din kaafi masroof tha,Stress,low,23.8,roman
امتحان کی تھوڑی پریشانی ہے، دل تھوڑا بے چین ہے,Anxiety,low,27.7,ur
i feel like something bad will happen and i feel anxious all the time,Anxiety,medium,61.0,en
کچھ دنوں سے جب گھبراتا ہوں تو سانس پھولنے لگتی ہے کیونکہ میں ہر وقت پریشان رہتا ہوں,Anxiety,medium,58.6,ur
mujhe jeene ka koi maqsad nazar nahi aata,Depression,high,73.7,roman
pata nahi kyun lagta hai kuch bura hone wala hai,Anxiety,medium,57.3,roman
ab aur bardasht nahi hota kyunke main sab ke liye bojh hoon,Depression,high,82.0,roman
میں اب اور نہیں چل سکتا اور اب اور برداشت نہیں ہوتا,Depression,high,85.7,ur
دل بہت زور سے دھڑکتا ہے,Anxiety,medium,55.6,ur
rozana rone ko dil karta hai,Depression,medium,61.2,roman
"often feeling slightly anxious, a bit nervous about the exam",Anxiety,low,31.0,en
my mind never stops worrying and my heart races constantly,Anxiety,medium,62.2,en
کام کا بوجھ بہت بڑھ گیا ہے,Stress,medium,61.0,ur
lately slightly uneasy today,Anxiety,low,28.5,en
not really in the mood for anything,Depression,low,27.3,en
آج کل تھوڑا دباؤ محسوس ہو رہا ہے، آج کا دن کافی مصروف تھا,Stress,low,28.4,ur
my workload has become too much so i feel exhausted all the time,Stress,medium,55.6,en
har waqt darr laga rehta hai,Anxiety,medium,63.9,roman
main har waqt pareshan rehta hoon,Anxiety,medium,48.7,roman
